{
    "$schema": "https://schema.management.azure.com/schemas/2015-01-01/deploymentParameters.json#",
    "contentVersion": "1.0.0.0",
    "parameters": {
        "vulnerabilityAssessments_Default_storageContainerPath": {
            "value": null
        },
        "sites_MyTestWebApiApp_name": {
            "value": null
        },
        "servers_my_web_app_sql_server_name": {
            "value": null
        },
        "serverfarms_MyWebAppServicePlan_name": {
            "value": null
        }
    }
}