{
    "$schema": "https://schema.management.azure.com/schemas/2015-01-01/deploymentTemplate.json#",
    "contentVersion": "1.0.0.0",
    "parameters": {
        "vulnerabilityAssessments_Default_storageContainerPath": {
            "type": "SecureString"
        },
        "sites_MyTestWebApiApp_name": {
            "defaultValue": "MyTestWebApiApp",
            "type": "String"
        },
        "servers_my_web_app_sql_server_name": {
            "defaultValue": "my-web-app-sql-server",
            "type": "String"
        },
        "serverfarms_MyWebAppServicePlan_name": {
            "defaultValue": "MyWebAppServicePlan",
            "type": "String"
        }
    },
    "variables": {},
    "resources": [
        {
            "type": "Microsoft.Sql/servers",
            "apiVersion": "2019-06-01-preview",
            "name": "[parameters('servers_my_web_app_sql_server_name')]",
            "location": "southeastasia",
            "kind": "v12.0",
            "properties": {
                "administratorLogin": "sa01",
                "version": "12.0",
                "publicNetworkAccess": "Enabled"
            }
        },
        {
            "type": "Microsoft.Web/serverfarms",
            "apiVersion": "2018-02-01",
            "name": "[parameters('serverfarms_MyWebAppServicePlan_name')]",
            "location": "Southeast Asia",
            "sku": {
                "name": "F1",
                "tier": "Free",
                "size": "F1",
                "family": "F",
                "capacity": 0
            },
            "kind": "app",
            "properties": {
                "perSiteScaling": false,
                "maximumElasticWorkerCount": 1,
                "isSpot": false,
                "reserved": false,
                "isXenon": false,
                "hyperV": false,
                "targetWorkerCount": 0,
                "targetWorkerSizeId": 0
            }
        },
        {
            "type": "Microsoft.Sql/servers/advisors",
            "apiVersion": "2014-04-01",
            "name": "[concat(parameters('servers_my_web_app_sql_server_name'), '/CreateIndex')]",
            "dependsOn": [
                "[resourceId('Microsoft.Sql/servers', parameters('servers_my_web_app_sql_server_name'))]"
            ],
            "properties": {
                "autoExecuteValue": "Disabled"
            }
        },
        {
            "type": "Microsoft.Sql/servers/advisors",
            "apiVersion": "2014-04-01",
            "name": "[concat(parameters('servers_my_web_app_sql_server_name'), '/DbParameterization')]",
            "dependsOn": [
                "[resourceId('Microsoft.Sql/servers', parameters('servers_my_web_app_sql_server_name'))]"
            ],
            "properties": {
                "autoExecuteValue": "Disabled"
            }
        },
        {
            "type": "Microsoft.Sql/servers/advisors",
            "apiVersion": "2014-04-01",
            "name": "[concat(parameters('servers_my_web_app_sql_server_name'), '/DefragmentIndex')]",
            "dependsOn": [
                "[resourceId('Microsoft.Sql/servers', parameters('servers_my_web_app_sql_server_name'))]"
            ],
            "properties": {
                "autoExecuteValue": "Disabled"
            }
        },
        {
            "type": "Microsoft.Sql/servers/advisors",
            "apiVersion": "2014-04-01",
            "name": "[concat(parameters('servers_my_web_app_sql_server_name'), '/DropIndex')]",
            "dependsOn": [
                "[resourceId('Microsoft.Sql/servers', parameters('servers_my_web_app_sql_server_name'))]"
            ],
            "properties": {
                "autoExecuteValue": "Disabled"
            }
        },
        {
            "type": "Microsoft.Sql/servers/advisors",
            "apiVersion": "2014-04-01",
            "name": "[concat(parameters('servers_my_web_app_sql_server_name'), '/ForceLastGoodPlan')]",
            "dependsOn": [
                "[resourceId('Microsoft.Sql/servers', parameters('servers_my_web_app_sql_server_name'))]"
            ],
            "properties": {
                "autoExecuteValue": "Enabled"
            }
        },
        {
            "type": "Microsoft.Sql/servers/auditingPolicies",
            "apiVersion": "2014-04-01",
            "name": "[concat(parameters('servers_my_web_app_sql_server_name'), '/Default')]",
            "location": "Southeast Asia",
            "dependsOn": [
                "[resourceId('Microsoft.Sql/servers', parameters('servers_my_web_app_sql_server_name'))]"
            ],
            "properties": {
                "auditingState": "Disabled"
            }
        },
        {
            "type": "Microsoft.Sql/servers/auditingSettings",
            "apiVersion": "2017-03-01-preview",
            "name": "[concat(parameters('servers_my_web_app_sql_server_name'), '/Default')]",
            "dependsOn": [
                "[resourceId('Microsoft.Sql/servers', parameters('servers_my_web_app_sql_server_name'))]"
            ],
            "properties": {
                "state": "Disabled",
                "retentionDays": 0,
                "auditActionsAndGroups": [],
                "storageAccountSubscriptionId": "00000000-0000-0000-0000-000000000000",
                "isStorageSecondaryKeyInUse": false,
                "isAzureMonitorTargetEnabled": false
            }
        },
        {
            "type": "Microsoft.Sql/servers/databases",
            "apiVersion": "2019-06-01-preview",
            "name": "[concat(parameters('servers_my_web_app_sql_server_name'), '/my-web-app-sql-db')]",
            "location": "southeastasia",
            "dependsOn": [
                "[resourceId('Microsoft.Sql/servers', parameters('servers_my_web_app_sql_server_name'))]"
            ],
            "sku": {
                "name": "Basic",
                "tier": "Basic",
                "capacity": 5
            },
            "kind": "v12.0,user",
            "properties": {
                "collation": "SQL_Latin1_General_CP1_CI_AS",
                "maxSizeBytes": 2147483648,
                "catalogCollation": "SQL_Latin1_General_CP1_CI_AS",
                "zoneRedundant": false,
                "readScale": "Disabled",
                "readReplicaCount": 0,
                "storageAccountType": "GRS"
            }
        },
        {
            "type": "Microsoft.Sql/servers/databases/auditingPolicies",
            "apiVersion": "2014-04-01",
            "name": "[concat(parameters('servers_my_web_app_sql_server_name'), '/master/Default')]",
            "location": "Southeast Asia",
            "dependsOn": [
                "[resourceId('Microsoft.Sql/servers', parameters('servers_my_web_app_sql_server_name'))]"
            ],
            "properties": {
                "auditingState": "Disabled"
            }
        },
        {
            "type": "Microsoft.Sql/servers/databases/auditingSettings",
            "apiVersion": "2017-03-01-preview",
            "name": "[concat(parameters('servers_my_web_app_sql_server_name'), '/master/Default')]",
            "dependsOn": [
                "[resourceId('Microsoft.Sql/servers', parameters('servers_my_web_app_sql_server_name'))]"
            ],
            "properties": {
                "state": "Disabled",
                "retentionDays": 0,
                "storageAccountSubscriptionId": "00000000-0000-0000-0000-000000000000",
                "isAzureMonitorTargetEnabled": false
            }
        },
        {
            "type": "Microsoft.Sql/servers/databases/extendedAuditingSettings",
            "apiVersion": "2017-03-01-preview",
            "name": "[concat(parameters('servers_my_web_app_sql_server_name'), '/master/Default')]",
            "dependsOn": [
                "[resourceId('Microsoft.Sql/servers', parameters('servers_my_web_app_sql_server_name'))]"
            ],
            "properties": {
                "state": "Disabled",
                "retentionDays": 0,
                "storageAccountSubscriptionId": "00000000-0000-0000-0000-000000000000",
                "isAzureMonitorTargetEnabled": false
            }
        },
        {
            "type": "Microsoft.Sql/servers/databases/geoBackupPolicies",
            "apiVersion": "2014-04-01",
            "name": "[concat(parameters('servers_my_web_app_sql_server_name'), '/master/Default')]",
            "location": "Southeast Asia",
            "dependsOn": [
                "[resourceId('Microsoft.Sql/servers', parameters('servers_my_web_app_sql_server_name'))]"
            ],
            "properties": {
                "state": "Disabled"
            }
        },
        {
            "type": "Microsoft.Sql/servers/databases/securityAlertPolicies",
            "apiVersion": "2020-02-02-preview",
            "name": "[concat(parameters('servers_my_web_app_sql_server_name'), '/master/Default')]",
            "dependsOn": [
                "[resourceId('Microsoft.Sql/servers', parameters('servers_my_web_app_sql_server_name'))]"
            ],
            "properties": {
                "state": "Disabled"
            }
        },
        {
            "type": "Microsoft.Sql/servers/databases/transparentDataEncryption",
            "apiVersion": "2014-04-01",
            "name": "[concat(parameters('servers_my_web_app_sql_server_name'), '/master/current')]",
            "location": "Southeast Asia",
            "dependsOn": [
                "[resourceId('Microsoft.Sql/servers', parameters('servers_my_web_app_sql_server_name'))]"
            ],
            "properties": {
                "status": "Disabled"
            }
        },
        {
            "type": "Microsoft.Sql/servers/databases/vulnerabilityAssessments",
            "apiVersion": "2017-03-01-preview",
            "name": "[concat(parameters('servers_my_web_app_sql_server_name'), '/master/Default')]",
            "dependsOn": [
                "[resourceId('Microsoft.Sql/servers', parameters('servers_my_web_app_sql_server_name'))]"
            ],
            "properties": {
                "recurringScans": {
                    "isEnabled": false,
                    "emailSubscriptionAdmins": true
                }
            }
        },
        {
            "type": "Microsoft.Sql/servers/encryptionProtector",
            "apiVersion": "2015-05-01-preview",
            "name": "[concat(parameters('servers_my_web_app_sql_server_name'), '/current')]",
            "dependsOn": [
                "[resourceId('Microsoft.Sql/servers', parameters('servers_my_web_app_sql_server_name'))]"
            ],
            "kind": "servicemanaged",
            "properties": {
                "serverKeyName": "ServiceManaged",
                "serverKeyType": "ServiceManaged"
            }
        },
        {
            "type": "Microsoft.Sql/servers/extendedAuditingSettings",
            "apiVersion": "2017-03-01-preview",
            "name": "[concat(parameters('servers_my_web_app_sql_server_name'), '/Default')]",
            "dependsOn": [
                "[resourceId('Microsoft.Sql/servers', parameters('servers_my_web_app_sql_server_name'))]"
            ],
            "properties": {
                "state": "Disabled",
                "retentionDays": 0,
                "auditActionsAndGroups": [],
                "storageAccountSubscriptionId": "00000000-0000-0000-0000-000000000000",
                "isStorageSecondaryKeyInUse": false,
                "isAzureMonitorTargetEnabled": false
            }
        },
        {
            "type": "Microsoft.Sql/servers/keys",
            "apiVersion": "2015-05-01-preview",
            "name": "[concat(parameters('servers_my_web_app_sql_server_name'), '/ServiceManaged')]",
            "dependsOn": [
                "[resourceId('Microsoft.Sql/servers', parameters('servers_my_web_app_sql_server_name'))]"
            ],
            "kind": "servicemanaged",
            "properties": {
                "serverKeyType": "ServiceManaged"
            }
        },
        {
            "type": "Microsoft.Sql/servers/securityAlertPolicies",
            "apiVersion": "2020-02-02-preview",
            "name": "[concat(parameters('servers_my_web_app_sql_server_name'), '/Default')]",
            "dependsOn": [
                "[resourceId('Microsoft.Sql/servers', parameters('servers_my_web_app_sql_server_name'))]"
            ],
            "properties": {
                "state": "Disabled"
            }
        },
        {
            "type": "Microsoft.Sql/servers/vulnerabilityAssessments",
            "apiVersion": "2018-06-01-preview",
            "name": "[concat(parameters('servers_my_web_app_sql_server_name'), '/Default')]",
            "dependsOn": [
                "[resourceId('Microsoft.Sql/servers', parameters('servers_my_web_app_sql_server_name'))]"
            ],
            "properties": {
                "recurringScans": {
                    "isEnabled": false,
                    "emailSubscriptionAdmins": true
                },
                "storageContainerPath": "[parameters('vulnerabilityAssessments_Default_storageContainerPath')]"
            }
        },
        {
            "type": "Microsoft.Web/sites",
            "apiVersion": "2018-11-01",
            "name": "[parameters('sites_MyTestWebApiApp_name')]",
            "location": "Southeast Asia",
            "dependsOn": [
                "[resourceId('Microsoft.Web/serverfarms', parameters('serverfarms_MyWebAppServicePlan_name'))]"
            ],
            "kind": "app",
            "properties": {
                "enabled": true,
                "hostNameSslStates": [
                    {
                        "name": "mytestwebapiapp.azurewebsites.net",
                        "sslState": "Disabled",
                        "hostType": "Standard"
                    },
                    {
                        "name": "mytestwebapiapp.scm.azurewebsites.net",
                        "sslState": "Disabled",
                        "hostType": "Repository"
                    }
                ],
                "serverFarmId": "[resourceId('Microsoft.Web/serverfarms', parameters('serverfarms_MyWebAppServicePlan_name'))]",
                "reserved": false,
                "isXenon": false,
                "hyperV": false,
                "siteConfig": {},
                "scmSiteAlsoStopped": false,
                "clientAffinityEnabled": true,
                "clientCertEnabled": false,
                "hostNamesDisabled": false,
                "containerSize": 0,
                "dailyMemoryTimeQuota": 0,
                "httpsOnly": false,
                "redundancyMode": "None"
            }
        },
        {
            "type": "Microsoft.Web/sites/config",
            "apiVersion": "2018-11-01",
            "name": "[concat(parameters('sites_MyTestWebApiApp_name'), '/web')]",
            "location": "Southeast Asia",
            "dependsOn": [
                "[resourceId('Microsoft.Web/sites', parameters('sites_MyTestWebApiApp_name'))]"
            ],
            "properties": {
                "numberOfWorkers": 1,
                "defaultDocuments": [
                    "Default.htm",
                    "Default.html",
                    "Default.asp",
                    "index.htm",
                    "index.html",
                    "iisstart.htm",
                    "default.aspx",
                    "index.php",
                    "hostingstart.html"
                ],
                "netFrameworkVersion": "v4.0",
                "requestTracingEnabled": false,
                "remoteDebuggingEnabled": false,
                "httpLoggingEnabled": false,
                "logsDirectorySizeLimit": 35,
                "detailedErrorLoggingEnabled": false,
                "publishingUsername": "$MyTestWebApiApp",
                "azureStorageAccounts": {},
                "scmType": "None",
                "use32BitWorkerProcess": true,
                "webSocketsEnabled": false,
                "alwaysOn": false,
                "managedPipelineMode": "Integrated",
                "virtualApplications": [
                    {
                        "virtualPath": "/",
                        "physicalPath": "site\\wwwroot",
                        "preloadEnabled": false
                    }
                ],
                "loadBalancing": "LeastRequests",
                "experiments": {
                    "rampUpRules": []
                },
                "autoHealEnabled": false,
                "localMySqlEnabled": false,
                "ipSecurityRestrictions": [
                    {
                        "ipAddress": "Any",
                        "action": "Allow",
                        "priority": 1,
                        "name": "Allow all",
                        "description": "Allow all access"
                    }
                ],
                "scmIpSecurityRestrictions": [
                    {
                        "ipAddress": "Any",
                        "action": "Allow",
                        "priority": 1,
                        "name": "Allow all",
                        "description": "Allow all access"
                    }
                ],
                "scmIpSecurityRestrictionsUseMain": false,
                "http20Enabled": false,
                "minTlsVersion": "1.2",
                "ftpsState": "AllAllowed",
                "reservedInstanceCount": 0
            }
        },
        {
            "type": "Microsoft.Web/sites/hostNameBindings",
            "apiVersion": "2018-11-01",
            "name": "[concat(parameters('sites_MyTestWebApiApp_name'), '/', parameters('sites_MyTestWebApiApp_name'), '.azurewebsites.net')]",
            "location": "Southeast Asia",
            "dependsOn": [
                "[resourceId('Microsoft.Web/sites', parameters('sites_MyTestWebApiApp_name'))]"
            ],
            "properties": {
                "siteName": "MyTestWebApiApp",
                "hostNameType": "Verified"
            }
        },
        {
            "type": "Microsoft.Sql/servers/databases/advisors",
            "apiVersion": "2014-04-01",
            "name": "[concat(parameters('servers_my_web_app_sql_server_name'), '/my-web-app-sql-db/CreateIndex')]",
            "dependsOn": [
                "[resourceId('Microsoft.Sql/servers/databases', parameters('servers_my_web_app_sql_server_name'), 'my-web-app-sql-db')]",
                "[resourceId('Microsoft.Sql/servers', parameters('servers_my_web_app_sql_server_name'))]"
            ],
            "properties": {
                "autoExecuteValue": "Disabled"
            }
        },
        {
            "type": "Microsoft.Sql/servers/databases/advisors",
            "apiVersion": "2014-04-01",
            "name": "[concat(parameters('servers_my_web_app_sql_server_name'), '/my-web-app-sql-db/DbParameterization')]",
            "dependsOn": [
                "[resourceId('Microsoft.Sql/servers/databases', parameters('servers_my_web_app_sql_server_name'), 'my-web-app-sql-db')]",
                "[resourceId('Microsoft.Sql/servers', parameters('servers_my_web_app_sql_server_name'))]"
            ],
            "properties": {
                "autoExecuteValue": "Disabled"
            }
        },
        {
            "type": "Microsoft.Sql/servers/databases/advisors",
            "apiVersion": "2014-04-01",
            "name": "[concat(parameters('servers_my_web_app_sql_server_name'), '/my-web-app-sql-db/DefragmentIndex')]",
            "dependsOn": [
                "[resourceId('Microsoft.Sql/servers/databases', parameters('servers_my_web_app_sql_server_name'), 'my-web-app-sql-db')]",
                "[resourceId('Microsoft.Sql/servers', parameters('servers_my_web_app_sql_server_name'))]"
            ],
            "properties": {
                "autoExecuteValue": "Disabled"
            }
        },
        {
            "type": "Microsoft.Sql/servers/databases/advisors",
            "apiVersion": "2014-04-01",
            "name": "[concat(parameters('servers_my_web_app_sql_server_name'), '/my-web-app-sql-db/DropIndex')]",
            "dependsOn": [
                "[resourceId('Microsoft.Sql/servers/databases', parameters('servers_my_web_app_sql_server_name'), 'my-web-app-sql-db')]",
                "[resourceId('Microsoft.Sql/servers', parameters('servers_my_web_app_sql_server_name'))]"
            ],
            "properties": {
                "autoExecuteValue": "Disabled"
            }
        },
        {
            "type": "Microsoft.Sql/servers/databases/advisors",
            "apiVersion": "2014-04-01",
            "name": "[concat(parameters('servers_my_web_app_sql_server_name'), '/my-web-app-sql-db/ForceLastGoodPlan')]",
            "dependsOn": [
                "[resourceId('Microsoft.Sql/servers/databases', parameters('servers_my_web_app_sql_server_name'), 'my-web-app-sql-db')]",
                "[resourceId('Microsoft.Sql/servers', parameters('servers_my_web_app_sql_server_name'))]"
            ],
            "properties": {
                "autoExecuteValue": "Enabled"
            }
        },
        {
            "type": "Microsoft.Sql/servers/databases/auditingPolicies",
            "apiVersion": "2014-04-01",
            "name": "[concat(parameters('servers_my_web_app_sql_server_name'), '/my-web-app-sql-db/Default')]",
            "location": "Southeast Asia",
            "dependsOn": [
                "[resourceId('Microsoft.Sql/servers/databases', parameters('servers_my_web_app_sql_server_name'), 'my-web-app-sql-db')]",
                "[resourceId('Microsoft.Sql/servers', parameters('servers_my_web_app_sql_server_name'))]"
            ],
            "properties": {
                "auditingState": "Disabled"
            }
        },
        {
            "type": "Microsoft.Sql/servers/databases/auditingSettings",
            "apiVersion": "2017-03-01-preview",
            "name": "[concat(parameters('servers_my_web_app_sql_server_name'), '/my-web-app-sql-db/Default')]",
            "dependsOn": [
                "[resourceId('Microsoft.Sql/servers/databases', parameters('servers_my_web_app_sql_server_name'), 'my-web-app-sql-db')]",
                "[resourceId('Microsoft.Sql/servers', parameters('servers_my_web_app_sql_server_name'))]"
            ],
            "properties": {
                "state": "Disabled",
                "retentionDays": 0,
                "storageAccountSubscriptionId": "00000000-0000-0000-0000-000000000000",
                "isAzureMonitorTargetEnabled": false
            }
        },
        {
            "type": "Microsoft.Sql/servers/databases/backupLongTermRetentionPolicies",
            "apiVersion": "2017-03-01-preview",
            "name": "[concat(parameters('servers_my_web_app_sql_server_name'), '/my-web-app-sql-db/default')]",
            "dependsOn": [
                "[resourceId('Microsoft.Sql/servers/databases', parameters('servers_my_web_app_sql_server_name'), 'my-web-app-sql-db')]",
                "[resourceId('Microsoft.Sql/servers', parameters('servers_my_web_app_sql_server_name'))]"
            ],
            "properties": {
                "weeklyRetention": "PT0S",
                "monthlyRetention": "PT0S",
                "yearlyRetention": "PT0S",
                "weekOfYear": 0
            }
        },
        {
            "type": "Microsoft.Sql/servers/databases/backupShortTermRetentionPolicies",
            "apiVersion": "2017-10-01-preview",
            "name": "[concat(parameters('servers_my_web_app_sql_server_name'), '/my-web-app-sql-db/default')]",
            "dependsOn": [
                "[resourceId('Microsoft.Sql/servers/databases', parameters('servers_my_web_app_sql_server_name'), 'my-web-app-sql-db')]",
                "[resourceId('Microsoft.Sql/servers', parameters('servers_my_web_app_sql_server_name'))]"
            ],
            "properties": {
                "retentionDays": 7
            }
        },
        {
            "type": "Microsoft.Sql/servers/databases/extendedAuditingSettings",
            "apiVersion": "2017-03-01-preview",
            "name": "[concat(parameters('servers_my_web_app_sql_server_name'), '/my-web-app-sql-db/Default')]",
            "dependsOn": [
                "[resourceId('Microsoft.Sql/servers/databases', parameters('servers_my_web_app_sql_server_name'), 'my-web-app-sql-db')]",
                "[resourceId('Microsoft.Sql/servers', parameters('servers_my_web_app_sql_server_name'))]"
            ],
            "properties": {
                "state": "Disabled",
                "retentionDays": 0,
                "storageAccountSubscriptionId": "00000000-0000-0000-0000-000000000000",
                "isAzureMonitorTargetEnabled": false
            }
        },
        {
            "type": "Microsoft.Sql/servers/databases/geoBackupPolicies",
            "apiVersion": "2014-04-01",
            "name": "[concat(parameters('servers_my_web_app_sql_server_name'), '/my-web-app-sql-db/Default')]",
            "location": "Southeast Asia",
            "dependsOn": [
                "[resourceId('Microsoft.Sql/servers/databases', parameters('servers_my_web_app_sql_server_name'), 'my-web-app-sql-db')]",
                "[resourceId('Microsoft.Sql/servers', parameters('servers_my_web_app_sql_server_name'))]"
            ],
            "properties": {
                "state": "Enabled"
            }
        },
        {
            "type": "Microsoft.Sql/servers/databases/securityAlertPolicies",
            "apiVersion": "2020-02-02-preview",
            "name": "[concat(parameters('servers_my_web_app_sql_server_name'), '/my-web-app-sql-db/Default')]",
            "dependsOn": [
                "[resourceId('Microsoft.Sql/servers/databases', parameters('servers_my_web_app_sql_server_name'), 'my-web-app-sql-db')]",
                "[resourceId('Microsoft.Sql/servers', parameters('servers_my_web_app_sql_server_name'))]"
            ],
            "properties": {
                "state": "Disabled"
            }
        },
        {
            "type": "Microsoft.Sql/servers/databases/transparentDataEncryption",
            "apiVersion": "2014-04-01",
            "name": "[concat(parameters('servers_my_web_app_sql_server_name'), '/my-web-app-sql-db/current')]",
            "location": "Southeast Asia",
            "dependsOn": [
                "[resourceId('Microsoft.Sql/servers/databases', parameters('servers_my_web_app_sql_server_name'), 'my-web-app-sql-db')]",
                "[resourceId('Microsoft.Sql/servers', parameters('servers_my_web_app_sql_server_name'))]"
            ],
            "properties": {
                "status": "Enabled"
            }
        },
        {
            "type": "Microsoft.Sql/servers/databases/vulnerabilityAssessments",
            "apiVersion": "2017-03-01-preview",
            "name": "[concat(parameters('servers_my_web_app_sql_server_name'), '/my-web-app-sql-db/Default')]",
            "dependsOn": [
                "[resourceId('Microsoft.Sql/servers/databases', parameters('servers_my_web_app_sql_server_name'), 'my-web-app-sql-db')]",
                "[resourceId('Microsoft.Sql/servers', parameters('servers_my_web_app_sql_server_name'))]"
            ],
            "properties": {
                "recurringScans": {
                    "isEnabled": false,
                    "emailSubscriptionAdmins": true
                }
            }
        }
    ]
}